﻿<ArrayOfString xmlns:xsi="http://www.w3.org/2001/XMLSchema-instance" xmlns:xsd="http://www.w3.org/2001/XMLSchema">
  <string>&lt;INSTANCE CLASSNAME="SMS_TaskSequenceReferencesInfo"&gt;
  &lt;PROPERTY TYPE="string" NAME="__RELPATH"&gt;
    &lt;VALUE&gt;&lt;/VALUE&gt;
  &lt;/PROPERTY&gt;
  &lt;PROPERTY NAME="PackageID" TYPE="string"&gt;
    &lt;VALUE&gt;0010001E&lt;/VALUE&gt;
  &lt;/PROPERTY&gt;
  &lt;PROPERTY NAME="ProgramName" TYPE="string"&gt;
    &lt;VALUE&gt;*&lt;/VALUE&gt;
  &lt;/PROPERTY&gt;
  &lt;PROPERTY NAME="ReferenceDescription" TYPE="string"&gt;
    &lt;VALUE&gt;This package is automatically created and distributed so that client can upgrade itself from the closest distribution point.&lt;/VALUE&gt;
  &lt;/PROPERTY&gt;
  &lt;PROPERTY NAME="ReferenceName" TYPE="string"&gt;
    &lt;VALUE&gt;Configuration Manager Client Package&lt;/VALUE&gt;
  &lt;/PROPERTY&gt;
  &lt;PROPERTY NAME="ReferencePackageID" TYPE="string"&gt;
    &lt;VALUE&gt;00100003&lt;/VALUE&gt;
  &lt;/PROPERTY&gt;
  &lt;PROPERTY NAME="ReferencePackageType" TYPE="uint32"&gt;
    &lt;VALUE&gt;0&lt;/VALUE&gt;
  &lt;/PROPERTY&gt;
  &lt;PROPERTY NAME="ReferenceProgramName" TYPE="string"&gt;
    &lt;VALUE&gt;*&lt;/VALUE&gt;
  &lt;/PROPERTY&gt;
  &lt;PROPERTY NAME="ReferenceVersion" TYPE="string"&gt;
    &lt;VALUE&gt;&lt;/VALUE&gt;
  &lt;/PROPERTY&gt;
&lt;/INSTANCE&gt;</string>
  <string>&lt;INSTANCE CLASSNAME="SMS_TaskSequenceReferencesInfo"&gt;
  &lt;PROPERTY TYPE="string" NAME="__RELPATH"&gt;
    &lt;VALUE&gt;&lt;/VALUE&gt;
  &lt;/PROPERTY&gt;
  &lt;PROPERTY NAME="PackageID" TYPE="string"&gt;
    &lt;VALUE&gt;0010001E&lt;/VALUE&gt;
  &lt;/PROPERTY&gt;
  &lt;PROPERTY NAME="ProgramName" TYPE="string"&gt;
    &lt;VALUE&gt;*&lt;/VALUE&gt;
  &lt;/PROPERTY&gt;
  &lt;PROPERTY NAME="ReferenceDescription" TYPE="string"&gt;
    &lt;VALUE&gt;&lt;/VALUE&gt;
  &lt;/PROPERTY&gt;
  &lt;PROPERTY NAME="ReferenceName" TYPE="string"&gt;
    &lt;VALUE&gt;Windows PE 11&lt;/VALUE&gt;
  &lt;/PROPERTY&gt;
  &lt;PROPERTY NAME="ReferencePackageID" TYPE="string"&gt;
    &lt;VALUE&gt;00100008&lt;/VALUE&gt;
  &lt;/PROPERTY&gt;
  &lt;PROPERTY NAME="ReferencePackageType" TYPE="uint32"&gt;
    &lt;VALUE&gt;258&lt;/VALUE&gt;
  &lt;/PROPERTY&gt;
  &lt;PROPERTY NAME="ReferenceProgramName" TYPE="string"&gt;
    &lt;VALUE&gt;*&lt;/VALUE&gt;
  &lt;/PROPERTY&gt;
  &lt;PROPERTY NAME="ReferenceVersion" TYPE="string"&gt;
    &lt;VALUE&gt;22H2&lt;/VALUE&gt;
  &lt;/PROPERTY&gt;
&lt;/INSTANCE&gt;</string>
  <string>&lt;INSTANCE CLASSNAME="SMS_TaskSequenceReferencesInfo"&gt;
  &lt;PROPERTY TYPE="string" NAME="__RELPATH"&gt;
    &lt;VALUE&gt;&lt;/VALUE&gt;
  &lt;/PROPERTY&gt;
  &lt;PROPERTY NAME="PackageID" TYPE="string"&gt;
    &lt;VALUE&gt;0010001E&lt;/VALUE&gt;
  &lt;/PROPERTY&gt;
  &lt;PROPERTY NAME="ProgramName" TYPE="string"&gt;
    &lt;VALUE&gt;*&lt;/VALUE&gt;
  &lt;/PROPERTY&gt;
  &lt;PROPERTY NAME="ReferenceDescription" TYPE="string"&gt;
    &lt;VALUE&gt;&lt;/VALUE&gt;
  &lt;/PROPERTY&gt;
  &lt;PROPERTY NAME="ReferenceName" TYPE="string"&gt;
    &lt;VALUE&gt;Windows 10 Business Editions 22H2&lt;/VALUE&gt;
  &lt;/PROPERTY&gt;
  &lt;PROPERTY NAME="ReferencePackageID" TYPE="string"&gt;
    &lt;VALUE&gt;00100009&lt;/VALUE&gt;
  &lt;/PROPERTY&gt;
  &lt;PROPERTY NAME="ReferencePackageType" TYPE="uint32"&gt;
    &lt;VALUE&gt;257&lt;/VALUE&gt;
  &lt;/PROPERTY&gt;
  &lt;PROPERTY NAME="ReferenceProgramName" TYPE="string"&gt;
    &lt;VALUE&gt;*&lt;/VALUE&gt;
  &lt;/PROPERTY&gt;
  &lt;PROPERTY NAME="ReferenceVersion" TYPE="string"&gt;
    &lt;VALUE&gt;19045.2006&lt;/VALUE&gt;
  &lt;/PROPERTY&gt;
&lt;/INSTANCE&gt;</string>
  <string>&lt;INSTANCE CLASSNAME="SMS_TaskSequenceReferencesInfo"&gt;
  &lt;PROPERTY TYPE="string" NAME="__RELPATH"&gt;
    &lt;VALUE&gt;&lt;/VALUE&gt;
  &lt;/PROPERTY&gt;
  &lt;PROPERTY NAME="PackageID" TYPE="string"&gt;
    &lt;VALUE&gt;0010001E&lt;/VALUE&gt;
  &lt;/PROPERTY&gt;
  &lt;PROPERTY NAME="ProgramName" TYPE="string"&gt;
    &lt;VALUE&gt;*&lt;/VALUE&gt;
  &lt;/PROPERTY&gt;
  &lt;PROPERTY NAME="ReferenceDescription" TYPE="string"&gt;
    &lt;VALUE&gt;&lt;/VALUE&gt;
  &lt;/PROPERTY&gt;
  &lt;PROPERTY NAME="ReferenceName" TYPE="string"&gt;
    &lt;VALUE&gt;OSConfig&lt;/VALUE&gt;
  &lt;/PROPERTY&gt;
  &lt;PROPERTY NAME="ReferencePackageID" TYPE="string"&gt;
    &lt;VALUE&gt;0010000D&lt;/VALUE&gt;
  &lt;/PROPERTY&gt;
  &lt;PROPERTY NAME="ReferencePackageType" TYPE="uint32"&gt;
    &lt;VALUE&gt;0&lt;/VALUE&gt;
  &lt;/PROPERTY&gt;
  &lt;PROPERTY NAME="ReferenceProgramName" TYPE="string"&gt;
    &lt;VALUE&gt;*&lt;/VALUE&gt;
  &lt;/PROPERTY&gt;
  &lt;PROPERTY NAME="ReferenceVersion" TYPE="string"&gt;
    &lt;VALUE&gt;&lt;/VALUE&gt;
  &lt;/PROPERTY&gt;
&lt;/INSTANCE&gt;</string>
  <string>&lt;INSTANCE CLASSNAME="SMS_TaskSequenceReferencesInfo"&gt;
  &lt;PROPERTY TYPE="string" NAME="__RELPATH"&gt;
    &lt;VALUE&gt;&lt;/VALUE&gt;
  &lt;/PROPERTY&gt;
  &lt;PROPERTY NAME="PackageID" TYPE="string"&gt;
    &lt;VALUE&gt;0010001E&lt;/VALUE&gt;
  &lt;/PROPERTY&gt;
  &lt;PROPERTY NAME="ProgramName" TYPE="string"&gt;
    &lt;VALUE&gt;*&lt;/VALUE&gt;
  &lt;/PROPERTY&gt;
  &lt;PROPERTY NAME="ReferenceDescription" TYPE="string"&gt;
    &lt;VALUE&gt;&lt;/VALUE&gt;
  &lt;/PROPERTY&gt;
  &lt;PROPERTY NAME="ReferenceName" TYPE="string"&gt;
    &lt;VALUE&gt;Windows Unattend&lt;/VALUE&gt;
  &lt;/PROPERTY&gt;
  &lt;PROPERTY NAME="ReferencePackageID" TYPE="string"&gt;
    &lt;VALUE&gt;00100010&lt;/VALUE&gt;
  &lt;/PROPERTY&gt;
  &lt;PROPERTY NAME="ReferencePackageType" TYPE="uint32"&gt;
    &lt;VALUE&gt;0&lt;/VALUE&gt;
  &lt;/PROPERTY&gt;
  &lt;PROPERTY NAME="ReferenceProgramName" TYPE="string"&gt;
    &lt;VALUE&gt;*&lt;/VALUE&gt;
  &lt;/PROPERTY&gt;
  &lt;PROPERTY NAME="ReferenceVersion" TYPE="string"&gt;
    &lt;VALUE&gt;1.0.0&lt;/VALUE&gt;
  &lt;/PROPERTY&gt;
&lt;/INSTANCE&gt;</string>
</ArrayOfString>